GEO.id,GEO.id2,GEO.display-label,GC.target-geo-id,GC.target-geo-id2,GC.display-label,GC.display-label,rescen42010,resbase42010,respop72010,respop72011,respop72012,respop72013,respop72014,respop72015
Id,Id2,Geography,Target Geo Id,Target Geo Id2,Geography,Geography,"April 1, 2010 - Census","April 1, 2010 - Estimates Base",Population Estimate (as of July 1) - 2010,Population Estimate (as of July 1) - 2011,Population Estimate (as of July 1) - 2012,Population Estimate (as of July 1) - 2013,Population Estimate (as of July 1) - 2014,Population Estimate (as of July 1) - 2015
0100000US,,United States,0100000US,,United States,United States,308745538,308758105,309346863,311718857,314102623,316427395,318907401,321418820
0100000US,,United States,01000C0US,,United States - In metropolitan statistical area,In metropolitan statistical area,262452132,262464496,263044201,265420886,267857302,270231023,272736401,275252217
0100000US,,United States,310M200US10180,10180,"United States - In metropolitan statistical area - Abilene, TX Metro Area","Abilene, TX Metro Area",165252,165252,165609,166639,167578,167549,168380,169578
0100000US,,United States,310M200US10420,10420,"United States - In metropolitan statistical area - Akron, OH Metro Area","Akron, OH Metro Area",703200,703207,703119,703180,702674,703788,704835,704243
0100000US,,United States,310M200US10500,10500,"United States - In metropolitan statistical area - Albany, GA Metro Area","Albany, GA Metro Area",157308,157500,157665,157805,157370,155864,155020,153526
0100000US,,United States,310M200US10540,10540,"United States - In metropolitan statistical area - Albany, OR Metro Area","Albany, OR Metro Area",116672,116672,116890,118137,118359,118545,119269,120547
0100000US,,United States,310M200US10580,10580,"United States - In metropolitan statistical area - Albany-Schenectady-Troy, NY Metro Area","Albany-Schenectady-Troy, NY Metro Area",870716,870713,871112,873222,875542,878542,880091,881830
0100000US,,United States,310M200US10740,10740,"United States - In metropolitan statistical area - Albuquerque, NM Metro Area","Albuquerque, NM Metro Area",887077,887075,889625,897024,901103,903502,904720,907301
0100000US,,United States,310M200US10780,10780,"United States - In metropolitan statistical area - Alexandria, LA Metro Area","Alexandria, LA Metro Area",153922,153922,154131,154408,154459,154785,154798,154484
0100000US,,United States,310M200US10900,10900,"United States - In metropolitan statistical area - Allentown-Bethlehem-Easton, PA-NJ Metro Area","Allentown-Bethlehem-Easton, PA-NJ Metro Area",821173,821303,822157,825219,827115,826766,829731,832327
0100000US,,United States,310M200US11020,11020,"United States - In metropolitan statistical area - Altoona, PA Metro Area","Altoona, PA Metro Area",127089,127078,127051,127192,127015,126426,126016,125593
0100000US,,United States,310M200US11100,11100,"United States - In metropolitan statistical area - Amarillo, TX Metro Area","Amarillo, TX Metro Area",251933,251933,252725,256069,257915,259061,260987,262056
0100000US,,United States,310M200US11180,11180,"United States - In metropolitan statistical area - Ames, IA Metro Area","Ames, IA Metro Area",89542,89542,89633,90956,91868,93627,95456,96021
0100000US,,United States,310M200US11260,11260,"United States - In metropolitan statistical area - Anchorage, AK Metro Area","Anchorage, AK Metro Area",380821,380821,383166,388174,392404,397414,398642,399790
0100000US,,United States,310M200US11460,11460,"United States - In metropolitan statistical area - Ann Arbor, MI Metro Area","Ann Arbor, MI Metro Area",344791,345066,345563,349048,351213,354289,357029,358880
0100000US,,United States,310M200US11500,11500,"United States - In metropolitan statistical area - Anniston-Oxford-Jacksonville, AL Metro Area","Anniston-Oxford-Jacksonville, AL Metro Area",118572,118586,118437,117768,117286,116575,115993,115620
0100000US,,United States,310M200US11540,11540,"United States - In metropolitan statistical area - Appleton, WI Metro Area","Appleton, WI Metro Area",225666,225666,225944,227482,228641,229927,231483,233007
0100000US,,United States,310M200US11700,11700,"United States - In metropolitan statistical area - Asheville, NC Metro Area","Asheville, NC Metro Area",424858,424860,425462,428387,431983,437267,441782,446840
0100000US,,United States,310M200US12020,12020,"United States - In metropolitan statistical area - Athens-Clarke County, GA Metro Area","Athens-Clarke County, GA Metro Area",192541,192541,193451,194618,196397,197892,199029,203189
0100000US,,United States,310M200US12060,12060,"United States - In metropolitan statistical area - Atlanta-Sandy Springs-Roswell, GA Metro Area","Atlanta-Sandy Springs-Roswell, GA Metro Area",5286728,5286727,5303758,5374179,5455324,5523527,5615364,5710795
0100000US,,United States,310M200US12100,12100,"United States - In metropolitan statistical area - Atlantic City-Hammonton, NJ Metro Area","Atlantic City-Hammonton, NJ Metro Area",274549,274549,274761,275078,275763,276321,275499,274219
0100000US,,United States,310M200US12220,12220,"United States - In metropolitan statistical area - Auburn-Opelika, AL Metro Area","Auburn-Opelika, AL Metro Area",140247,140296,140782,144087,147899,151506,154426,156993
0100000US,,United States,310M200US12260,12260,"United States - In metropolitan statistical area - Augusta-Richmond County, GA-SC Metro Area","Augusta-Richmond County, GA-SC Metro Area",564873,564873,566568,570891,576560,579957,583338,590146
0100000US,,United States,310M200US12420,12420,"United States - In metropolitan statistical area - Austin-Round Rock, TX Metro Area","Austin-Round Rock, TX Metro Area",1716289,1716313,1727627,1781409,1835298,1884439,1943465,2000860
0100000US,,United States,310M200US12540,12540,"United States - In metropolitan statistical area - Bakersfield, CA Metro Area","Bakersfield, CA Metro Area",839631,839631,841682,849949,856576,865787,874190,882176
0100000US,,United States,310M200US12580,12580,"United States - In metropolitan statistical area - Baltimore-Columbia-Towson, MD Metro Area","Baltimore-Columbia-Towson, MD Metro Area",2710489,2710575,2715561,2735306,2755992,2773536,2786853,2797407
0100000US,,United States,310M200US12620,12620,"United States - In metropolitan statistical area - Bangor, ME Metro Area","Bangor, ME Metro Area",153923,153920,153871,153822,153607,153527,153535,152692
0100000US,,United States,310M200US12700,12700,"United States - In metropolitan statistical area - Barnstable Town, MA Metro Area","Barnstable Town, MA Metro Area",215888,215888,215930,215339,214806,214685,214665,214333
0100000US,,United States,310M200US12940,12940,"United States - In metropolitan statistical area - Baton Rouge, LA Metro Area","Baton Rouge, LA Metro Area",802484,802500,804309,808469,814757,820106,825499,830480
0100000US,,United States,310M200US12980,12980,"United States - In metropolitan statistical area - Battle Creek, MI Metro Area","Battle Creek, MI Metro Area",136146,136148,136025,135291,134750,134772,134821,134314
0100000US,,United States,310M200US13020,13020,"United States - In metropolitan statistical area - Bay City, MI Metro Area","Bay City, MI Metro Area",107771,107771,107695,107497,107121,106958,106256,105659
0100000US,,United States,310M200US13140,13140,"United States - In metropolitan statistical area - Beaumont-Port Arthur, TX Metro Area","Beaumont-Port Arthur, TX Metro Area",403190,403190,403701,405204,403778,405433,405644,408419
0100000US,,United States,310M200US13220,13220,"United States - In metropolitan statistical area - Beckley, WV Metro Area","Beckley, WV Metro Area",124898,124901,124897,125115,124963,124181,123366,122507
0100000US,,United States,310M200US13380,13380,"United States - In metropolitan statistical area - Bellingham, WA Metro Area","Bellingham, WA Metro Area",201140,201140,201570,203415,204961,206349,208491,212284
0100000US,,United States,310M200US13460,13460,"United States - In metropolitan statistical area - Bend-Redmond, OR Metro Area","Bend-Redmond, OR Metro Area",157733,157733,157839,159765,161749,165930,170398,175268
0100000US,,United States,310M200US13740,13740,"United States - In metropolitan statistical area - Billings, MT Metro Area","Billings, MT Metro Area",158934,158934,159355,160789,162883,165210,166853,168283
0100000US,,United States,310M200US13780,13780,"United States - In metropolitan statistical area - Binghamton, NY Metro Area","Binghamton, NY Metro Area",251725,251723,251456,250401,249157,248432,247446,246020
0100000US,,United States,310M200US13820,13820,"United States - In metropolitan statistical area - Birmingham-Hoover, AL Metro Area","Birmingham-Hoover, AL Metro Area",1128047,1128056,1128879,1130905,1133993,1139018,1142823,1145647
0100000US,,United States,310M200US13900,13900,"United States - In metropolitan statistical area - Bismarck, ND Metro Area","Bismarck, ND Metro Area",114778,114778,115293,117137,120047,123812,126668,129517
0100000US,,United States,310M200US13980,13980,"United States - In metropolitan statistical area - Blacksburg-Christiansburg-Radford, VA Metro Area","Blacksburg-Christiansburg-Radford, VA Metro Area",178237,178258,178525,178890,179502,180836,181438,181747
0100000US,,United States,310M200US14010,14010,"United States - In metropolitan statistical area - Bloomington, IL Metro Area","Bloomington, IL Metro Area",186133,186133,186444,187368,189102,191271,190356,189413
0100000US,,United States,310M200US14020,14020,"United States - In metropolitan statistical area - Bloomington, IN Metro Area","Bloomington, IN Metro Area",159549,159542,160139,161838,162687,163272,164605,165577
0100000US,,United States,310M200US14100,14100,"United States - In metropolitan statistical area - Bloomsburg-Berwick, PA Metro Area","Bloomsburg-Berwick, PA Metro Area",85562,85563,85669,85298,85395,85593,85578,85229
0100000US,,United States,310M200US14260,14260,"United States - In metropolitan statistical area - Boise City, ID Metro Area","Boise City, ID Metro Area",616561,616561,618020,627647,637653,650097,664707,676909
0100000US,,United States,310M200US14460,14460,"United States - In metropolitan statistical area - Boston-Cambridge-Newton, MA-NH Metro Area","Boston-Cambridge-Newton, MA-NH Metro Area",4552402,4552412,4565410,4608426,4652342,4698356,4739385,4774321
0100000US,,United States,310M200US14500,14500,"United States - In metropolitan statistical area - Boulder, CO Metro Area","Boulder, CO Metro Area",294567,294571,295986,300671,305548,310706,313864,319372
0100000US,,United States,310M200US14540,14540,"United States - In metropolitan statistical area - Bowling Green, KY Metro Area","Bowling Green, KY Metro Area",158599,158599,159154,160716,162102,164022,165947,168436
0100000US,,United States,310M200US14740,14740,"United States - In metropolitan statistical area - Bremerton-Silverdale, WA Metro Area","Bremerton-Silverdale, WA Metro Area",251133,251133,251723,254458,254764,253325,254525,260131
0100000US,,United States,310M200US14860,14860,"United States - In metropolitan statistical area - Bridgeport-Stamford-Norwalk, CT Metro Area","Bridgeport-Stamford-Norwalk, CT Metro Area",916829,916850,919744,929013,935238,941793,945816,948053
0100000US,,United States,310M200US15180,15180,"United States - In metropolitan statistical area - Brownsville-Harlingen, TX Metro Area","Brownsville-Harlingen, TX Metro Area",406220,406219,407626,413130,415977,418071,420400,422156
0100000US,,United States,310M200US15260,15260,"United States - In metropolitan statistical area - Brunswick, GA Metro Area","Brunswick, GA Metro Area",112370,112368,112540,113010,113360,113876,114758,116003
0100000US,,United States,310M200US15380,15380,"United States - In metropolitan statistical area - Buffalo-Cheektowaga-Niagara Falls, NY Metro Area","Buffalo-Cheektowaga-Niagara Falls, NY Metro Area",1135509,1135551,1135566,1135593,1135198,1136008,1136642,1135230
0100000US,,United States,310M200US15500,15500,"United States - In metropolitan statistical area - Burlington, NC Metro Area","Burlington, NC Metro Area",151131,151241,151581,152947,153822,154886,156357,158276
0100000US,,United States,310M200US15540,15540,"United States - In metropolitan statistical area - Burlington-South Burlington, VT Metro Area","Burlington-South Burlington, VT Metro Area",211261,211262,211554,212886,213968,215177,216335,217042
0100000US,,United States,310M200US15680,15680,"United States - In metropolitan statistical area - California-Lexington Park, MD Metro Area","California-Lexington Park, MD Metro Area",105151,105151,105758,107779,109019,109510,110350,111413
0100000US,,United States,310M200US15940,15940,"United States - In metropolitan statistical area - Canton-Massillon, OH Metro Area","Canton-Massillon, OH Metro Area",404422,404420,404286,403186,403390,403299,403847,402976
0100000US,,United States,310M200US15980,15980,"United States - In metropolitan statistical area - Cape Coral-Fort Myers, FL Metro Area","Cape Coral-Fort Myers, FL Metro Area",618754,618754,620532,631368,644865,660929,679233,701982
0100000US,,United States,310M200US16020,16020,"United States - In metropolitan statistical area - Cape Girardeau, MO-IL Metro Area","Cape Girardeau, MO-IL Metro Area",96275,96275,96443,97062,97235,97216,97579,97534
0100000US,,United States,310M200US16060,16060,"United States - In metropolitan statistical area - Carbondale-Marion, IL Metro Area","Carbondale-Marion, IL Metro Area",126575,126580,126821,127043,125742,127012,126651,126828
0100000US,,United States,310M200US16180,16180,"United States - In metropolitan statistical area - Carson City, NV Metro Area","Carson City, NV Metro Area",55274,55274,55030,54756,54598,54057,54480,54521
0100000US,,United States,310M200US16220,16220,"United States - In metropolitan statistical area - Casper, WY Metro Area","Casper, WY Metro Area",75450,75450,75472,76420,78699,81156,81603,82178
0100000US,,United States,310M200US16300,16300,"United States - In metropolitan statistical area - Cedar Rapids, IA Metro Area","Cedar Rapids, IA Metro Area",257940,257940,258409,260896,261757,262350,263974,266040
0100000US,,United States,310M200US16540,16540,"United States - In metropolitan statistical area - Chambersburg-Waynesboro, PA Metro Area","Chambersburg-Waynesboro, PA Metro Area",149618,149618,149948,151037,151618,152181,152951,153638
0100000US,,United States,310M200US16580,16580,"United States - In metropolitan statistical area - Champaign-Urbana, IL Metro Area","Champaign-Urbana, IL Metro Area",231891,231889,232290,233313,234583,236022,237579,238984
0100000US,,United States,310M200US16620,16620,"United States - In metropolitan statistical area - Charleston, WV Metro Area","Charleston, WV Metro Area",227078,227071,226895,225783,225735,224654,222824,220614
0100000US,,United States,310M200US16700,16700,"United States - In metropolitan statistical area - Charleston-North Charleston, SC Metro Area","Charleston-North Charleston, SC Metro Area",664607,664643,667496,681220,697040,711405,726969,744526
0100000US,,United States,310M200US16740,16740,"United States - In metropolitan statistical area - Charlotte-Concord-Gastonia, NC-SC Metro Area","Charlotte-Concord-Gastonia, NC-SC Metro Area",2217012,2217248,2223672,2256845,2295310,2336266,2379177,2426363
0100000US,,United States,310M200US16820,16820,"United States - In metropolitan statistical area - Charlottesville, VA Metro Area","Charlottesville, VA Metro Area",218705,218707,219094,221300,223085,224590,226860,229514
0100000US,,United States,310M200US16860,16860,"United States - In metropolitan statistical area - Chattanooga, TN-GA Metro Area","Chattanooga, TN-GA Metro Area",528143,528145,529220,533350,538148,542149,544197,547776
0100000US,,United States,310M200US16940,16940,"United States - In metropolitan statistical area - Cheyenne, WY Metro Area","Cheyenne, WY Metro Area",91738,91881,92271,92663,94894,96006,96469,97121
0100000US,,United States,310M200US16980,16980,"United States - In metropolitan statistical area - Chicago-Naperville-Elgin, IL-IN-WI Metro Area","Chicago-Naperville-Elgin, IL-IN-WI Metro Area",9461105,9461537,9471357,9495578,9520766,9545362,9557294,9551031
0100000US,,United States,310M200US17020,17020,"United States - In metropolitan statistical area - Chico, CA Metro Area","Chico, CA Metro Area",220000,220000,219977,220019,221205,222154,224033,225411
0100000US,,United States,310M200US17140,17140,"United States - In metropolitan statistical area - Cincinnati, OH-KY-IN Metro Area","Cincinnati, OH-KY-IN Metro Area",2114580,2114755,2117863,2123412,2129877,2137868,2148450,2157719
0100000US,,United States,310M200US17300,17300,"United States - In metropolitan statistical area - Clarksville, TN-KY Metro Area","Clarksville, TN-KY Metro Area",260625,260610,261691,264464,275353,273211,277894,281021
0100000US,,United States,310M200US17420,17420,"United States - In metropolitan statistical area - Cleveland, TN Metro Area","Cleveland, TN Metro Area",115788,115788,115963,116738,117817,118557,119769,120864
0100000US,,United States,310M200US17460,17460,"United States - In metropolitan statistical area - Cleveland-Elyria, OH Metro Area","Cleveland-Elyria, OH Metro Area",2077240,2077246,2075661,2068349,2064321,2064854,2064079,2060810
0100000US,,United States,310M200US17660,17660,"United States - In metropolitan statistical area - Coeur d'Alene, ID Metro Area","Coeur d'Alene, ID Metro Area",138494,138494,138910,141056,142292,144289,147245,150346
0100000US,,United States,310M200US17780,17780,"United States - In metropolitan statistical area - College Station-Bryan, TX Metro Area","College Station-Bryan, TX Metro Area",228660,228660,229473,231418,234108,237880,242919,249156
0100000US,,United States,310M200US17820,17820,"United States - In metropolitan statistical area - Colorado Springs, CO Metro Area","Colorado Springs, CO Metro Area",645613,645611,650366,660276,669051,678384,686252,697856
0100000US,,United States,310M200US17860,17860,"United States - In metropolitan statistical area - Columbia, MO Metro Area","Columbia, MO Metro Area",162642,162642,163200,166000,168730,171126,173019,174974
0100000US,,United States,310M200US17900,17900,"United States - In metropolitan statistical area - Columbia, SC Metro Area","Columbia, SC Metro Area",767598,767477,769692,776718,784044,791820,800011,810068
0100000US,,United States,310M200US17980,17980,"United States - In metropolitan statistical area - Columbus, GA-AL Metro Area","Columbus, GA-AL Metro Area",294865,295531,296500,302636,311905,317443,314342,313749
0100000US,,United States,310M200US18020,18020,"United States - In metropolitan statistical area - Columbus, IN Metro Area","Columbus, IN Metro Area",76794,76786,76846,77630,78924,79505,80220,81162
0100000US,,United States,310M200US18140,18140,"United States - In metropolitan statistical area - Columbus, OH Metro Area","Columbus, OH Metro Area",1901974,1902015,1906439,1925973,1946452,1970511,1997308,2021632
0100000US,,United States,310M200US18580,18580,"United States - In metropolitan statistical area - Corpus Christi, TX Metro Area","Corpus Christi, TX Metro Area",428185,428188,427997,431018,436958,443362,448351,452422
0100000US,,United States,310M200US18700,18700,"United States - In metropolitan statistical area - Corvallis, OR Metro Area","Corvallis, OR Metro Area",85579,85581,85565,86025,86441,86024,86414,87572
0100000US,,United States,310M200US18880,18880,"United States - In metropolitan statistical area - Crestview-Fort Walton Beach-Destin, FL Metro Area","Crestview-Fort Walton Beach-Destin, FL Metro Area",235865,235865,236005,238850,247506,252883,257209,262172
0100000US,,United States,310M200US19060,19060,"United States - In metropolitan statistical area - Cumberland, MD-WV Metro Area","Cumberland, MD-WV Metro Area",103299,103299,103253,102667,101900,101365,100611,99979
0100000US,,United States,310M200US19100,19100,"United States - In metropolitan statistical area - Dallas-Fort Worth-Arlington, TX Metro Area","Dallas-Fort Worth-Arlington, TX Metro Area",6426214,6426214,6452614,6574298,6709559,6822353,6958092,7102796
0100000US,,United States,310M200US19140,19140,"United States - In metropolitan statistical area - Dalton, GA Metro Area","Dalton, GA Metro Area",142227,142227,142317,142531,142616,142384,142971,143781
0100000US,,United States,310M200US19180,19180,"United States - In metropolitan statistical area - Danville, IL Metro Area","Danville, IL Metro Area",81625,81625,81613,81386,80804,80530,79837,79282
0100000US,,United States,310M200US19300,19300,"United States - In metropolitan statistical area - Daphne-Fairhope-Foley, AL Metro Area","Daphne-Fairhope-Foley, AL Metro Area",182265,182265,183193,186659,190396,195126,199713,203709
0100000US,,United States,310M200US19340,19340,"United States - In metropolitan statistical area - Davenport-Moline-Rock Island, IA-IL Metro Area","Davenport-Moline-Rock Island, IA-IL Metro Area",379690,379689,380236,381147,382890,384089,383995,383606
0100000US,,United States,310M200US19380,19380,"United States - In metropolitan statistical area - Dayton, OH Metro Area","Dayton, OH Metro Area",799232,799216,800303,801389,802296,801622,801145,800909
0100000US,,United States,310M200US19460,19460,"United States - In metropolitan statistical area - Decatur, AL Metro Area","Decatur, AL Metro Area",153829,153825,153908,153990,153888,153221,153082,152680
0100000US,,United States,310M200US19500,19500,"United States - In metropolitan statistical area - Decatur, IL Metro Area","Decatur, IL Metro Area",110768,110768,110780,110630,110103,109550,108381,107303
0100000US,,United States,310M200US19660,19660,"United States - In metropolitan statistical area - Deltona-Daytona Beach-Ormond Beach, FL Metro Area","Deltona-Daytona Beach-Ormond Beach, FL Metro Area",590289,590293,590688,591838,595703,601402,610290,623279
0100000US,,United States,310M200US19740,19740,"United States - In metropolitan statistical area - Denver-Aurora-Lakewood, CO Metro Area","Denver-Aurora-Lakewood, CO Metro Area",2543482,2543600,2554468,2601104,2648482,2700086,2755856,2814330
0100000US,,United States,310M200US19780,19780,"United States - In metropolitan statistical area - Des Moines-West Des Moines, IA Metro Area","Des Moines-West Des Moines, IA Metro Area",569633,569633,571981,580949,589670,600263,612156,622899
0100000US,,United States,310M200US19820,19820,"United States - In metropolitan statistical area - Detroit-Warren-Dearborn, MI Metro Area","Detroit-Warren-Dearborn, MI Metro Area",4296250,4296313,4291288,4287427,4294049,4297081,4301480,4302043
0100000US,,United States,310M200US20020,20020,"United States - In metropolitan statistical area - Dothan, AL Metro Area","Dothan, AL Metro Area",145639,145639,145870,146661,147610,147568,147993,148171
0100000US,,United States,310M200US20100,20100,"United States - In metropolitan statistical area - Dover, DE Metro Area","Dover, DE Metro Area",162310,162349,162990,165242,167611,169385,171773,173533
0100000US,,United States,310M200US20220,20220,"United States - In metropolitan statistical area - Dubuque, IA Metro Area","Dubuque, IA Metro Area",93653,93653,93924,94612,95227,95981,96587,97125
0100000US,,United States,310M200US20260,20260,"United States - In metropolitan statistical area - Duluth, MN-WI Metro Area","Duluth, MN-WI Metro Area",279771,279771,279746,279849,279526,279781,279983,279601
0100000US,,United States,310M200US20500,20500,"United States - In metropolitan statistical area - Durham-Chapel Hill, NC Metro Area","Durham-Chapel Hill, NC Metro Area",504357,506631,508123,516010,525221,533829,543217,552493
0100000US,,United States,310M200US20700,20700,"United States - In metropolitan statistical area - East Stroudsburg, PA Metro Area","East Stroudsburg, PA Metro Area",169842,169842,169906,169876,168579,167310,167242,166397
0100000US,,United States,310M200US20740,20740,"United States - In metropolitan statistical area - Eau Claire, WI Metro Area","Eau Claire, WI Metro Area",161151,161390,161652,162850,163925,164951,165085,165636
0100000US,,United States,310M200US20940,20940,"United States - In metropolitan statistical area - El Centro, CA Metro Area","El Centro, CA Metro Area",174528,174528,174750,176372,177557,177579,179332,180191
0100000US,,United States,310M200US21060,21060,"United States - In metropolitan statistical area - Elizabethtown-Fort Knox, KY Metro Area","Elizabethtown-Fort Knox, KY Metro Area",148338,148351,149940,151330,150476,151573,151895,148604
0100000US,,United States,310M200US21140,21140,"United States - In metropolitan statistical area - Elkhart-Goshen, IN Metro Area","Elkhart-Goshen, IN Metro Area",197559,197561,197471,198509,199229,200476,201739,203474
0100000US,,United States,310M200US21300,21300,"United States - In metropolitan statistical area - Elmira, NY Metro Area","Elmira, NY Metro Area",88830,88842,88969,88997,89277,88523,87469,87071
0100000US,,United States,310M200US21340,21340,"United States - In metropolitan statistical area - El Paso, TX Metro Area","El Paso, TX Metro Area",804123,804123,807102,823426,835201,835769,838756,838972
0100000US,,United States,310M200US21500,21500,"United States - In metropolitan statistical area - Erie, PA Metro Area","Erie, PA Metro Area",280566,280566,280774,281116,281076,280117,278936,278045
0100000US,,United States,310M200US21660,21660,"United States - In metropolitan statistical area - Eugene, OR Metro Area","Eugene, OR Metro Area",351715,351715,351966,353637,354610,355650,358506,362895
0100000US,,United States,310M200US21780,21780,"United States - In metropolitan statistical area - Evansville, IN-KY Metro Area","Evansville, IN-KY Metro Area",311552,311552,311817,312642,313389,314454,315137,315693
0100000US,,United States,310M200US21820,21820,"United States - In metropolitan statistical area - Fairbanks, AK Metro Area","Fairbanks, AK Metro Area",97581,97581,98289,98146,100370,101007,99371,99631
0100000US,,United States,310M200US22020,22020,"United States - In metropolitan statistical area - Fargo, ND-MN Metro Area","Fargo, ND-MN Metro Area",208777,208777,209419,213082,217727,223695,228557,233836
0100000US,,United States,310M200US22140,22140,"United States - In metropolitan statistical area - Farmington, NM Metro Area","Farmington, NM Metro Area",130044,130045,130140,128016,128359,126564,123990,118737
0100000US,,United States,310M200US22180,22180,"United States - In metropolitan statistical area - Fayetteville, NC Metro Area","Fayetteville, NC Metro Area",366383,366383,367623,373337,373605,377479,377458,376509
0100000US,,United States,310M200US22220,22220,"United States - In metropolitan statistical area - Fayetteville-Springdale-Rogers, AR-MO Metro Area","Fayetteville-Springdale-Rogers, AR-MO Metro Area",463204,463207,465802,474343,483158,492352,502064,513559
0100000US,,United States,310M200US22380,22380,"United States - In metropolitan statistical area - Flagstaff, AZ Metro Area","Flagstaff, AZ Metro Area",134421,134437,134626,134182,135978,136612,137637,139097
0100000US,,United States,310M200US22420,22420,"United States - In metropolitan statistical area - Flint, MI Metro Area","Flint, MI Metro Area",425790,425790,425057,421784,418110,415695,412934,410849
0100000US,,United States,310M200US22500,22500,"United States - In metropolitan statistical area - Florence, SC Metro Area","Florence, SC Metro Area",205566,205571,205683,205714,206156,206186,206756,206448
0100000US,,United States,310M200US22520,22520,"United States - In metropolitan statistical area - Florence-Muscle Shoals, AL Metro Area","Florence-Muscle Shoals, AL Metro Area",147137,147137,147261,147061,147152,147200,147543,146950
0100000US,,United States,310M200US22540,22540,"United States - In metropolitan statistical area - Fond du Lac, WI Metro Area","Fond du Lac, WI Metro Area",101633,101633,101712,101898,101856,101865,102010,101973
0100000US,,United States,310M200US22660,22660,"United States - In metropolitan statistical area - Fort Collins, CO Metro Area","Fort Collins, CO Metro Area",299630,299630,300524,305314,310970,316618,324657,333577
0100000US,,United States,310M200US22900,22900,"United States - In metropolitan statistical area - Fort Smith, AR-OK Metro Area","Fort Smith, AR-OK Metro Area",280467,280515,280681,281006,280810,280041,279821,280241
0100000US,,United States,310M200US23060,23060,"United States - In metropolitan statistical area - Fort Wayne, IN Metro Area","Fort Wayne, IN Metro Area",416257,416254,416912,419838,421851,424448,426940,429820
0100000US,,United States,310M200US23420,23420,"United States - In metropolitan statistical area - Fresno, CA Metro Area","Fresno, CA Metro Area",930450,930452,932462,940971,947713,955217,964983,974861
0100000US,,United States,310M200US23460,23460,"United States - In metropolitan statistical area - Gadsden, AL Metro Area","Gadsden, AL Metro Area",104430,104427,104442,104236,104235,103852,103452,103057
0100000US,,United States,310M200US23540,23540,"United States - In metropolitan statistical area - Gainesville, FL Metro Area","Gainesville, FL Metro Area",264275,264274,264619,266674,268547,270173,273495,277163
0100000US,,United States,310M200US23580,23580,"United States - In metropolitan statistical area - Gainesville, GA Metro Area","Gainesville, GA Metro Area",179684,179684,180003,182920,185012,187588,190525,193535
0100000US,,United States,310M200US23900,23900,"United States - In metropolitan statistical area - Gettysburg, PA Metro Area","Gettysburg, PA Metro Area",101407,101417,101472,101657,101572,101525,101787,102295
0100000US,,United States,310M200US24020,24020,"United States - In metropolitan statistical area - Glens Falls, NY Metro Area","Glens Falls, NY Metro Area",128923,128921,128976,128776,128462,127890,127356,126918
0100000US,,United States,310M200US24140,24140,"United States - In metropolitan statistical area - Goldsboro, NC Metro Area","Goldsboro, NC Metro Area",122623,122623,122892,124028,124516,124597,124502,124132
0100000US,,United States,310M200US24220,24220,"United States - In metropolitan statistical area - Grand Forks, ND-MN Metro Area","Grand Forks, ND-MN Metro Area",98461,98461,98616,98187,99198,101020,101779,102449
0100000US,,United States,310M200US24260,24260,"United States - In metropolitan statistical area - Grand Island, NE Metro Area","Grand Island, NE Metro Area",81850,81850,82057,82698,83461,84099,84751,85066
0100000US,,United States,310M200US24300,24300,"United States - In metropolitan statistical area - Grand Junction, CO Metro Area","Grand Junction, CO Metro Area",146723,146723,146489,147372,147720,147676,147890,148513
0100000US,,United States,310M200US24340,24340,"United States - In metropolitan statistical area - Grand Rapids-Wyoming, MI Metro Area","Grand Rapids-Wyoming, MI Metro Area",988938,988940,989524,996733,1006814,1018291,1028962,1038583
0100000US,,United States,310M200US24420,24420,"United States - In metropolitan statistical area - Grants Pass, OR Metro Area","Grants Pass, OR Metro Area",82713,82713,82868,82641,82791,83263,83606,84745
0100000US,,United States,310M200US24500,24500,"United States - In metropolitan statistical area - Great Falls, MT Metro Area","Great Falls, MT Metro Area",81327,81327,81533,81772,81767,82367,82268,82278
0100000US,,United States,310M200US24540,24540,"United States - In metropolitan statistical area - Greeley, CO Metro Area","Greeley, CO Metro Area",252825,252831,254166,258704,264117,270368,276379,285174
0100000US,,United States,310M200US24580,24580,"United States - In metropolitan statistical area - Green Bay, WI Metro Area","Green Bay, WI Metro Area",306241,306241,306736,308771,311081,312514,314498,316519
0100000US,,United States,310M200US24660,24660,"United States - In metropolitan statistical area - Greensboro-High Point, NC Metro Area","Greensboro-High Point, NC Metro Area",723801,723798,725068,730175,736015,741422,747397,752157
0100000US,,United States,310M200US24780,24780,"United States - In metropolitan statistical area - Greenville, NC Metro Area","Greenville, NC Metro Area",168148,168148,168822,170782,172924,174339,175103,175842
0100000US,,United States,310M200US24860,24860,"United States - In metropolitan statistical area - Greenville-Anderson-Mauldin, SC Metro Area","Greenville-Anderson-Mauldin, SC Metro Area",824112,824107,825782,833560,842067,850124,862533,874869
0100000US,,United States,310M200US25060,25060,"United States - In metropolitan statistical area - Gulfport-Biloxi-Pascagoula, MS Metro Area","Gulfport-Biloxi-Pascagoula, MS Metro Area",370702,370787,371451,375726,379022,382558,386297,389255
0100000US,,United States,310M200US25180,25180,"United States - In metropolitan statistical area - Hagerstown-Martinsburg, MD-WV Metro Area","Hagerstown-Martinsburg, MD-WV Metro Area",251599,251602,252384,254525,256233,257910,259817,261486
0100000US,,United States,310M200US25220,25220,"United States - In metropolitan statistical area - Hammond, LA Metro Area","Hammond, LA Metro Area",121097,121101,121491,122644,123672,125413,126948,128755
0100000US,,United States,310M200US25260,25260,"United States - In metropolitan statistical area - Hanford-Corcoran, CA Metro Area","Hanford-Corcoran, CA Metro Area",152982,152982,152367,151969,151201,150748,150108,150965
0100000US,,United States,310M200US25420,25420,"United States - In metropolitan statistical area - Harrisburg-Carlisle, PA Metro Area","Harrisburg-Carlisle, PA Metro Area",549475,549473,550239,551895,554913,558041,561134,565006
0100000US,,United States,310M200US25500,25500,"United States - In metropolitan statistical area - Harrisonburg, VA Metro Area","Harrisonburg, VA Metro Area",125228,125217,125415,126873,128479,128986,130395,131131
0100000US,,United States,310M200US25540,25540,"United States - In metropolitan statistical area - Hartford-West Hartford-East Hartford, CT Metro Area","Hartford-West Hartford-East Hartford, CT Metro Area",1212381,1212387,1214139,1216195,1214591,1214949,1213225,1211324
0100000US,,United States,310M200US25620,25620,"United States - In metropolitan statistical area - Hattiesburg, MS Metro Area","Hattiesburg, MS Metro Area",142842,142857,143293,145263,146665,147760,148168,148839
0100000US,,United States,310M200US25860,25860,"United States - In metropolitan statistical area - Hickory-Lenoir-Morganton, NC Metro Area","Hickory-Lenoir-Morganton, NC Metro Area",365497,365492,365196,364234,363389,363016,362223,362510
0100000US,,United States,310M200US25940,25940,"United States - In metropolitan statistical area - Hilton Head Island-Bluffton-Beaufort, SC Metro Area","Hilton Head Island-Bluffton-Beaufort, SC Metro Area",187010,187010,187832,189363,193362,197571,202137,207413
0100000US,,United States,310M200US25980,25980,"United States - In metropolitan statistical area - Hinesville, GA Metro Area","Hinesville, GA Metro Area",77917,77917,77369,80365,81550,80648,82317,80198
0100000US,,United States,310M200US26140,26140,"United States - In metropolitan statistical area - Homosassa Springs, FL Metro Area","Homosassa Springs, FL Metro Area",141236,141236,141266,139755,139256,138985,139217,141058
0100000US,,United States,310M200US26300,26300,"United States - In metropolitan statistical area - Hot Springs, AR Metro Area","Hot Springs, AR Metro Area",96024,96000,96128,96603,96798,97006,97185,97177
0100000US,,United States,310M200US26380,26380,"United States - In metropolitan statistical area - Houma-Thibodaux, LA Metro Area","Houma-Thibodaux, LA Metro Area",208178,208176,208224,208631,208789,209911,211454,212297
0100000US,,United States,310M200US26420,26420,"United States - In metropolitan statistical area - Houston-The Woodlands-Sugar Land, TX Metro Area","Houston-The Woodlands-Sugar Land, TX Metro Area",5920416,5920493,5948253,6059752,6185988,6332710,6497864,6656947
0100000US,,United States,310M200US26580,26580,"United States - In metropolitan statistical area - Huntington-Ashland, WV-KY-OH Metro Area","Huntington-Ashland, WV-KY-OH Metro Area",364908,364930,365075,364820,364860,364087,363153,361580
0100000US,,United States,310M200US26620,26620,"United States - In metropolitan statistical area - Huntsville, AL Metro Area","Huntsville, AL Metro Area",417593,417593,419301,425131,430017,435590,440724,444752
0100000US,,United States,310M200US26820,26820,"United States - In metropolitan statistical area - Idaho Falls, ID Metro Area","Idaho Falls, ID Metro Area",133265,133337,133824,134956,136301,137039,138126,139747
0100000US,,United States,310M200US26900,26900,"United States - In metropolitan statistical area - Indianapolis-Carmel-Anderson, IN Metro Area","Indianapolis-Carmel-Anderson, IN Metro Area",1887877,1888082,1892614,1910355,1929052,1953277,1971861,1988817
0100000US,,United States,310M200US26980,26980,"United States - In metropolitan statistical area - Iowa City, IA Metro Area","Iowa City, IA Metro Area",152586,152586,152988,155562,158842,161854,164508,166498
0100000US,,United States,310M200US27060,27060,"United States - In metropolitan statistical area - Ithaca, NY Metro Area","Ithaca, NY Metro Area",101564,101594,101774,102120,103133,104367,104727,104926
0100000US,,United States,310M200US27100,27100,"United States - In metropolitan statistical area - Jackson, MI Metro Area","Jackson, MI Metro Area",160248,160248,160169,159683,160137,159858,159624,159494
0100000US,,United States,310M200US27140,27140,"United States - In metropolitan statistical area - Jackson, MS Metro Area","Jackson, MS Metro Area",567122,567645,568799,574309,576779,577150,578335,578777
0100000US,,United States,310M200US27180,27180,"United States - In metropolitan statistical area - Jackson, TN Metro Area","Jackson, TN Metro Area",130011,130009,130009,129778,130326,130653,130103,129682
0100000US,,United States,310M200US27260,27260,"United States - In metropolitan statistical area - Jacksonville, FL Metro Area","Jacksonville, FL Metro Area",1345596,1345596,1349083,1362032,1379209,1396267,1421004,1449481
0100000US,,United States,310M200US27340,27340,"United States - In metropolitan statistical area - Jacksonville, NC Metro Area","Jacksonville, NC Metro Area",177772,177772,179595,177857,183769,185560,185267,186311
0100000US,,United States,310M200US27500,27500,"United States - In metropolitan statistical area - Janesville-Beloit, WI Metro Area","Janesville-Beloit, WI Metro Area",160331,160331,160234,159999,160288,160634,161267,161448
0100000US,,United States,310M200US27620,27620,"United States - In metropolitan statistical area - Jefferson City, MO Metro Area","Jefferson City, MO Metro Area",149807,149807,149955,150361,150350,150586,150847,151145
0100000US,,United States,310M200US27740,27740,"United States - In metropolitan statistical area - Johnson City, TN Metro Area","Johnson City, TN Metro Area",198716,198716,198973,199767,200504,200565,200148,200648
0100000US,,United States,310M200US27780,27780,"United States - In metropolitan statistical area - Johnstown, PA Metro Area","Johnstown, PA Metro Area",143679,143674,143468,142584,141540,138835,137534,136411
0100000US,,United States,310M200US27860,27860,"United States - In metropolitan statistical area - Jonesboro, AR Metro Area","Jonesboro, AR Metro Area",121026,121026,121248,122821,124232,125828,126821,128394
0100000US,,United States,310M200US27900,27900,"United States - In metropolitan statistical area - Joplin, MO Metro Area","Joplin, MO Metro Area",175518,175516,175871,176676,174494,175262,176162,177211
0100000US,,United States,310M200US27980,27980,"United States - In metropolitan statistical area - Kahului-Wailuku-Lahaina, HI Metro Area","Kahului-Wailuku-Lahaina, HI Metro Area",154924,154925,155068,156891,158599,161036,163487,164726
0100000US,,United States,310M200US28020,28020,"United States - In metropolitan statistical area - Kalamazoo-Portage, MI Metro Area","Kalamazoo-Portage, MI Metro Area",326589,326592,326909,328370,330227,332493,334085,335340
0100000US,,United States,310M200US28100,28100,"United States - In metropolitan statistical area - Kankakee, IL Metro Area","Kankakee, IL Metro Area",113449,113449,113450,113527,112988,112239,111473,110879
0100000US,,United States,310M200US28140,28140,"United States - In metropolitan statistical area - Kansas City, MO-KS Metro Area","Kansas City, MO-KS Metro Area",2009342,2009338,2013703,2025082,2039356,2055178,2071283,2087471
0100000US,,United States,310M200US28420,28420,"United States - In metropolitan statistical area - Kennewick-Richland, WA Metro Area","Kennewick-Richland, WA Metro Area",253340,253340,255648,263758,268365,271158,274469,279116
0100000US,,United States,310M200US28660,28660,"United States - In metropolitan statistical area - Killeen-Temple, TX Metro Area","Killeen-Temple, TX Metro Area",405300,405303,408337,412674,420073,423021,425143,431032
0100000US,,United States,310M200US28700,28700,"United States - In metropolitan statistical area - Kingsport-Bristol-Bristol, TN-VA Metro Area","Kingsport-Bristol-Bristol, TN-VA Metro Area",309544,309542,309584,309108,308862,308189,307723,307120
0100000US,,United States,310M200US28740,28740,"United States - In metropolitan statistical area - Kingston, NY Metro Area","Kingston, NY Metro Area",182493,182531,182421,182676,181839,181054,180787,180143
0100000US,,United States,310M200US28940,28940,"United States - In metropolitan statistical area - Knoxville, TN Metro Area","Knoxville, TN Metro Area",837571,837579,838767,842853,847824,851632,857067,861424
0100000US,,United States,310M200US29020,29020,"United States - In metropolitan statistical area - Kokomo, IN Metro Area","Kokomo, IN Metro Area",82752,82752,82731,82851,82900,82825,82693,82556
0100000US,,United States,310M200US29100,29100,"United States - In metropolitan statistical area - La Crosse-Onalaska, WI-MN Metro Area","La Crosse-Onalaska, WI-MN Metro Area",133665,133665,133880,134193,135558,135967,136595,136985
0100000US,,United States,310M200US29180,29180,"United States - In metropolitan statistical area - Lafayette, LA Metro Area","Lafayette, LA Metro Area",466750,466750,467612,470712,474247,479881,485411,490488
0100000US,,United States,310M200US29200,29200,"United States - In metropolitan statistical area - Lafayette-West Lafayette, IN Metro Area","Lafayette-West Lafayette, IN Metro Area",201789,201798,202087,204493,207355,210108,212271,214363
0100000US,,United States,310M200US29340,29340,"United States - In metropolitan statistical area - Lake Charles, LA Metro Area","Lake Charles, LA Metro Area",199607,199629,200009,200507,201128,202182,203544,205605
0100000US,,United States,310M200US29420,29420,"United States - In metropolitan statistical area - Lake Havasu City-Kingman, AZ Metro Area","Lake Havasu City-Kingman, AZ Metro Area",200186,200186,200374,202671,203232,202839,203331,204737
0100000US,,United States,310M200US29460,29460,"United States - In metropolitan statistical area - Lakeland-Winter Haven, FL Metro Area","Lakeland-Winter Haven, FL Metro Area",602095,602095,603192,609544,615584,622895,635264,650092
0100000US,,United States,310M200US29540,29540,"United States - In metropolitan statistical area - Lancaster, PA Metro Area","Lancaster, PA Metro Area",519445,519448,520357,523692,526879,530238,533645,536624
0100000US,,United States,310M200US29620,29620,"United States - In metropolitan statistical area - Lansing-East Lansing, MI Metro Area","Lansing-East Lansing, MI Metro Area",464036,464032,464244,466125,466872,468087,470322,472276
0100000US,,United States,310M200US29700,29700,"United States - In metropolitan statistical area - Laredo, TX Metro Area","Laredo, TX Metro Area",250304,250304,251337,255639,260015,263861,267018,269721
0100000US,,United States,310M200US29740,29740,"United States - In metropolitan statistical area - Las Cruces, NM Metro Area","Las Cruces, NM Metro Area",209233,209241,210202,212982,214428,214051,214059,214295
0100000US,,United States,310M200US29820,29820,"United States - In metropolitan statistical area - Las Vegas-Henderson-Paradise, NV Metro Area","Las Vegas-Henderson-Paradise, NV Metro Area",1951269,1951269,1953378,1967290,1998204,2028421,2069146,2114801
0100000US,,United States,310M200US29940,29940,"United States - In metropolitan statistical area - Lawrence, KS Metro Area","Lawrence, KS Metro Area",110826,110826,111242,112415,113255,114651,116463,118053
0100000US,,United States,310M200US30020,30020,"United States - In metropolitan statistical area - Lawton, OK Metro Area","Lawton, OK Metro Area",130291,130291,131563,132226,132754,131240,131352,130644
0100000US,,United States,310M200US30140,30140,"United States - In metropolitan statistical area - Lebanon, PA Metro Area","Lebanon, PA Metro Area",133568,133577,133673,134483,135528,135607,136196,137067
0100000US,,United States,310M200US30300,30300,"United States - In metropolitan statistical area - Lewiston, ID-WA Metro Area","Lewiston, ID-WA Metro Area",60888,60888,61045,61358,61444,62022,62120,62153
0100000US,,United States,310M200US30340,30340,"United States - In metropolitan statistical area - Lewiston-Auburn, ME Metro Area","Lewiston-Auburn, ME Metro Area",107702,107702,107706,107403,107558,107365,107408,107233
0100000US,,United States,310M200US30460,30460,"United States - In metropolitan statistical area - Lexington-Fayette, KY Metro Area","Lexington-Fayette, KY Metro Area",472099,472099,473464,478667,484921,489894,494982,500535
0100000US,,United States,310M200US30620,30620,"United States - In metropolitan statistical area - Lima, OH Metro Area","Lima, OH Metro Area",106331,106331,106405,105963,105329,105216,105048,104425
0100000US,,United States,310M200US30700,30700,"United States - In metropolitan statistical area - Lincoln, NE Metro Area","Lincoln, NE Metro Area",302157,302157,302985,306728,310601,314642,319840,323578
0100000US,,United States,310M200US30780,30780,"United States - In metropolitan statistical area - Little Rock-North Little Rock-Conway, AR Metro Area","Little Rock-North Little Rock-Conway, AR Metro Area",699757,699823,702416,710842,717780,724227,728960,731612
0100000US,,United States,310M200US30860,30860,"United States - In metropolitan statistical area - Logan, UT-ID Metro Area","Logan, UT-ID Metro Area",125442,125442,126160,127701,128795,130128,131334,133857
0100000US,,United States,310M200US30980,30980,"United States - In metropolitan statistical area - Longview, TX Metro Area","Longview, TX Metro Area",214369,214384,214732,215934,216722,216425,216795,217781
0100000US,,United States,310M200US31020,31020,"United States - In metropolitan statistical area - Longview, WA Metro Area","Longview, WA Metro Area",102410,102410,102417,102375,101840,101792,102214,103468
0100000US,,United States,310M200US31080,31080,"United States - In metropolitan statistical area - Los Angeles-Long Beach-Anaheim, CA Metro Area","Los Angeles-Long Beach-Anaheim, CA Metro Area",12828837,12828966,12843875,12952686,13059779,13165355,13254397,13340068
0100000US,,United States,310M200US31140,31140,"United States - In metropolitan statistical area - Louisville/Jefferson County, KY-IN Metro Area","Louisville/Jefferson County, KY-IN Metro Area",1235708,1235710,1237810,1244591,1252418,1263092,1271172,1278413
0100000US,,United States,310M200US31180,31180,"United States - In metropolitan statistical area - Lubbock, TX Metro Area","Lubbock, TX Metro Area",290805,290805,292203,295384,297967,301580,306680,311154
0100000US,,United States,310M200US31340,31340,"United States - In metropolitan statistical area - Lynchburg, VA Metro Area","Lynchburg, VA Metro Area",252634,252659,253054,254196,255715,256934,258151,259950
0100000US,,United States,310M200US31420,31420,"United States - In metropolitan statistical area - Macon, GA Metro Area","Macon, GA Metro Area",232293,232293,232260,232780,232804,231316,230591,230096
0100000US,,United States,310M200US31460,31460,"United States - In metropolitan statistical area - Madera, CA Metro Area","Madera, CA Metro Area",150865,150865,151125,152089,152160,152125,154562,154998
0100000US,,United States,310M200US31540,31540,"United States - In metropolitan statistical area - Madison, WI Metro Area","Madison, WI Metro Area",605435,605437,606557,613926,620675,627739,634364,641385
0100000US,,United States,310M200US31700,31700,"United States - In metropolitan statistical area - Manchester-Nashua, NH Metro Area","Manchester-Nashua, NH Metro Area",400721,400721,401016,401758,402641,403444,405339,406678
0100000US,,United States,310M200US31740,31740,"United States - In metropolitan statistical area - Manhattan, KS Metro Area","Manhattan, KS Metro Area",92719,92735,93319,95366,98627,98175,97524,98545
0100000US,,United States,310M200US31860,31860,"United States - In metropolitan statistical area - Mankato-North Mankato, MN Metro Area","Mankato-North Mankato, MN Metro Area",96740,96740,96840,97318,98014,97838,98754,99134
0100000US,,United States,310M200US31900,31900,"United States - In metropolitan statistical area - Mansfield, OH Metro Area","Mansfield, OH Metro Area",124475,124475,124173,123076,122600,122263,121914,121707
0100000US,,United States,310M200US32580,32580,"United States - In metropolitan statistical area - McAllen-Edinburg-Mission, TX Metro Area","McAllen-Edinburg-Mission, TX Metro Area",774769,774774,779143,795272,807776,819173,831561,842304
0100000US,,United States,310M200US32780,32780,"United States - In metropolitan statistical area - Medford, OR Metro Area","Medford, OR Metro Area",203206,203206,203413,204761,206336,207998,210151,212567
0100000US,,United States,310M200US32820,32820,"United States - In metropolitan statistical area - Memphis, TN-MS-AR Metro Area","Memphis, TN-MS-AR Metro Area",1324829,1324829,1326410,1332573,1340522,1341548,1342914,1344127
0100000US,,United States,310M200US32900,32900,"United States - In metropolitan statistical area - Merced, CA Metro Area","Merced, CA Metro Area",255793,255798,256832,259784,261788,263312,266087,268455
0100000US,,United States,310M200US33100,33100,"United States - In metropolitan statistical area - Miami-Fort Lauderdale-West Palm Beach, FL Metro Area","Miami-Fort Lauderdale-West Palm Beach, FL Metro Area",5564635,5566299,5585605,5706159,5788070,5861337,5937100,6012331
0100000US,,United States,310M200US33140,33140,"United States - In metropolitan statistical area - Michigan City-La Porte, IN Metro Area","Michigan City-La Porte, IN Metro Area",111467,111467,111454,111223,111223,111376,111695,110884
0100000US,,United States,310M200US33220,33220,"United States - In metropolitan statistical area - Midland, MI Metro Area","Midland, MI Metro Area",83629,83629,83664,83761,83660,83588,83479,83632
0100000US,,United States,310M200US33260,33260,"United States - In metropolitan statistical area - Midland, TX Metro Area","Midland, TX Metro Area",141671,141674,141806,145044,152178,157326,161440,166718
0100000US,,United States,310M200US33340,33340,"United States - In metropolitan statistical area - Milwaukee-Waukesha-West Allis, WI Metro Area","Milwaukee-Waukesha-West Allis, WI Metro Area",1555908,1555954,1556715,1561467,1567495,1571207,1574115,1575747
0100000US,,United States,310M200US33460,33460,"United States - In metropolitan statistical area - Minneapolis-St. Paul-Bloomington, MN-WI Metro Area","Minneapolis-St. Paul-Bloomington, MN-WI Metro Area",3348859,3348857,3355540,3389626,3423250,3460826,3495656,3524583
0100000US,,United States,310M200US33540,33540,"United States - In metropolitan statistical area - Missoula, MT Metro Area","Missoula, MT Metro Area",109299,109299,109455,110160,111077,111731,112681,114181
0100000US,,United States,310M200US33660,33660,"United States - In metropolitan statistical area - Mobile, AL Metro Area","Mobile, AL Metro Area",412992,413143,413332,413062,413750,414121,414926,415395
0100000US,,United States,310M200US33700,33700,"United States - In metropolitan statistical area - Modesto, CA Metro Area","Modesto, CA Metro Area",514453,514451,515334,518282,522097,526119,531951,538388
0100000US,,United States,310M200US33740,33740,"United States - In metropolitan statistical area - Monroe, LA Metro Area","Monroe, LA Metro Area",176441,176502,176798,177383,177800,178466,178622,179238
0100000US,,United States,310M200US33780,33780,"United States - In metropolitan statistical area - Monroe, MI Metro Area","Monroe, MI Metro Area",152021,152021,151945,151535,150878,150253,149945,149568
0100000US,,United States,310M200US33860,33860,"United States - In metropolitan statistical area - Montgomery, AL Metro Area","Montgomery, AL Metro Area",374536,374529,375123,377880,375745,373646,373256,373792
0100000US,,United States,310M200US34060,34060,"United States - In metropolitan statistical area - Morgantown, WV Metro Area","Morgantown, WV Metro Area",129709,129709,130337,132310,134433,135635,136835,138176
0100000US,,United States,310M200US34100,34100,"United States - In metropolitan statistical area - Morristown, TN Metro Area","Morristown, TN Metro Area",113951,114111,114166,114753,115007,115366,115674,116642
0100000US,,United States,310M200US34580,34580,"United States - In metropolitan statistical area - Mount Vernon-Anacortes, WA Metro Area","Mount Vernon-Anacortes, WA Metro Area",116901,116901,117004,117768,118032,118745,120325,121846
0100000US,,United States,310M200US34620,34620,"United States - In metropolitan statistical area - Muncie, IN Metro Area","Muncie, IN Metro Area",117671,117671,117692,117824,117364,117435,117201,116852
0100000US,,United States,310M200US34740,34740,"United States - In metropolitan statistical area - Muskegon, MI Metro Area","Muskegon, MI Metro Area",172188,172188,171922,169985,170129,172213,172300,172790
0100000US,,United States,310M200US34820,34820,"United States - In metropolitan statistical area - Myrtle Beach-Conway-North Myrtle Beach, SC-NC Metro Area","Myrtle Beach-Conway-North Myrtle Beach, SC-NC Metro Area",376722,376722,378697,385691,394006,404441,417177,431964
0100000US,,United States,310M200US34900,34900,"United States - In metropolitan statistical area - Napa, CA Metro Area","Napa, CA Metro Area",136484,136530,136810,137998,139055,140413,141551,142456
0100000US,,United States,310M200US34940,34940,"United States - In metropolitan statistical area - Naples-Immokalee-Marco Island, FL Metro Area","Naples-Immokalee-Marco Island, FL Metro Area",321520,321520,322683,327742,332515,339537,348355,357305
0100000US,,United States,310M200US34980,34980,"United States - In metropolitan statistical area - Nashville-Davidson--Murfreesboro--Franklin, TN Metro Area","Nashville-Davidson--Murfreesboro--Franklin, TN Metro Area",1670890,1670896,1675972,1698475,1727473,1759034,1793910,1830345
0100000US,,United States,310M200US35100,35100,"United States - In metropolitan statistical area - New Bern, NC Metro Area","New Bern, NC Metro Area",126802,126802,127120,128261,128637,127515,127333,126245
0100000US,,United States,310M200US35300,35300,"United States - In metropolitan statistical area - New Haven-Milford, CT Metro Area","New Haven-Milford, CT Metro Area",862477,862474,863401,863977,863921,862515,861238,859470
0100000US,,United States,310M200US35380,35380,"United States - In metropolitan statistical area - New Orleans-Metairie, LA Metro Area","New Orleans-Metairie, LA Metro Area",1189866,1189863,1195613,1214065,1228059,1241508,1251962,1262888
0100000US,,United States,310M200US35620,35620,"United States - In metropolitan statistical area - New York-Newark-Jersey City, NY-NJ-PA Metro Area","New York-Newark-Jersey City, NY-NJ-PA Metro Area",19567410,19566387,19601147,19756397,19871785,19994144,20095119,20182305
0100000US,,United States,310M200US35660,35660,"United States - In metropolitan statistical area - Niles-Benton Harbor, MI Metro Area","Niles-Benton Harbor, MI Metro Area",156813,156817,156792,156510,156015,155363,155299,154636
0100000US,,United States,310M200US35840,35840,"United States - In metropolitan statistical area - North Port-Sarasota-Bradenton, FL Metro Area","North Port-Sarasota-Bradenton, FL Metro Area",702281,702268,703366,708805,719982,732334,748795,768918
0100000US,,United States,310M200US35980,35980,"United States - In metropolitan statistical area - Norwich-New London, CT Metro Area","Norwich-New London, CT Metro Area",274055,274046,274067,273211,274394,273716,272743,271863
0100000US,,United States,310M200US36100,36100,"United States - In metropolitan statistical area - Ocala, FL Metro Area","Ocala, FL Metro Area",331298,331304,331421,332272,334094,335688,338749,343254
0100000US,,United States,310M200US36140,36140,"United States - In metropolitan statistical area - Ocean City, NJ Metro Area","Ocean City, NJ Metro Area",97265,97265,97263,96597,96447,95896,95359,94727
0100000US,,United States,310M200US36220,36220,"United States - In metropolitan statistical area - Odessa, TX Metro Area","Odessa, TX Metro Area",137130,137133,137078,139733,144552,149666,154399,159436
0100000US,,United States,310M200US36260,36260,"United States - In metropolitan statistical area - Ogden-Clearfield, UT Metro Area","Ogden-Clearfield, UT Metro Area",597159,597159,599800,606094,612852,622524,632295,642850
0100000US,,United States,310M200US36420,36420,"United States - In metropolitan statistical area - Oklahoma City, OK Metro Area","Oklahoma City, OK Metro Area",1252987,1252992,1257950,1276810,1298118,1321040,1337619,1358452
0100000US,,United States,310M200US36500,36500,"United States - In metropolitan statistical area - Olympia-Tumwater, WA Metro Area","Olympia-Tumwater, WA Metro Area",252264,252264,253067,256529,258838,262666,266048,269536
0100000US,,United States,310M200US36540,36540,"United States - In metropolitan statistical area - Omaha-Council Bluffs, NE-IA Metro Area","Omaha-Council Bluffs, NE-IA Metro Area",865350,865356,868170,877024,885973,896024,905267,915312
0100000US,,United States,310M200US36740,36740,"United States - In metropolitan statistical area - Orlando-Kissimmee-Sanford, FL Metro Area","Orlando-Kissimmee-Sanford, FL Metro Area",2134411,2134405,2139565,2176212,2226601,2272395,2326729,2387138
0100000US,,United States,310M200US36780,36780,"United States - In metropolitan statistical area - Oshkosh-Neenah, WI Metro Area","Oshkosh-Neenah, WI Metro Area",166994,166994,167059,167630,168717,169486,169639,169546
0100000US,,United States,310M200US36980,36980,"United States - In metropolitan statistical area - Owensboro, KY Metro Area","Owensboro, KY Metro Area",114752,114754,114777,115329,116002,116408,116507,117463
0100000US,,United States,310M200US37100,37100,"United States - In metropolitan statistical area - Oxnard-Thousand Oaks-Ventura, CA Metro Area","Oxnard-Thousand Oaks-Ventura, CA Metro Area",823318,823387,825298,831130,835416,840964,846119,850536
0100000US,,United States,310M200US37340,37340,"United States - In metropolitan statistical area - Palm Bay-Melbourne-Titusville, FL Metro Area","Palm Bay-Melbourne-Titusville, FL Metro Area",543376,543378,543966,544323,547495,551148,556902,568088
0100000US,,United States,310M200US37460,37460,"United States - In metropolitan statistical area - Panama City, FL Metro Area","Panama City, FL Metro Area",184715,184715,185061,185312,187589,190649,194635,197506
0100000US,,United States,310M200US37620,37620,"United States - In metropolitan statistical area - Parkersburg-Vienna, WV Metro Area","Parkersburg-Vienna, WV Metro Area",92673,92673,92761,92629,92400,92361,92278,92332
0100000US,,United States,310M200US37860,37860,"United States - In metropolitan statistical area - Pensacola-Ferry Pass-Brent, FL Metro Area","Pensacola-Ferry Pass-Brent, FL Metro Area",448991,448991,451118,455372,462565,468479,472278,478043
0100000US,,United States,310M200US37900,37900,"United States - In metropolitan statistical area - Peoria, IL Metro Area","Peoria, IL Metro Area",379186,379186,378947,379688,380408,381834,379784,378018
0100000US,,United States,310M200US37980,37980,"United States - In metropolitan statistical area - Philadelphia-Camden-Wilmington, PA-NJ-DE-MD Metro Area","Philadelphia-Camden-Wilmington, PA-NJ-DE-MD Metro Area",5965343,5965379,5971463,5997102,6021349,6036356,6053720,6069875
0100000US,,United States,310M200US38060,38060,"United States - In metropolitan statistical area - Phoenix-Mesa-Scottsdale, AZ Metro Area","Phoenix-Mesa-Scottsdale, AZ Metro Area",4192887,4193127,4204981,4250001,4327809,4400688,4486543,4574531
0100000US,,United States,310M200US38220,38220,"United States - In metropolitan statistical area - Pine Bluff, AR Metro Area","Pine Bluff, AR Metro Area",100258,100258,100083,99020,97375,95726,94783,93696
0100000US,,United States,310M200US38300,38300,"United States - In metropolitan statistical area - Pittsburgh, PA Metro Area","Pittsburgh, PA Metro Area",2356285,2356283,2356988,2360162,2361815,2361518,2358096,2353045
0100000US,,United States,310M200US38340,38340,"United States - In metropolitan statistical area - Pittsfield, MA Metro Area","Pittsfield, MA Metro Area",131219,131272,131278,130529,130171,129345,128565,127828
0100000US,,United States,310M200US38540,38540,"United States - In metropolitan statistical area - Pocatello, ID Metro Area","Pocatello, ID Metro Area",82839,82839,83026,83584,83792,83430,83471,83744
0100000US,,United States,310M200US38860,38860,"United States - In metropolitan statistical area - Portland-South Portland, ME Metro Area","Portland-South Portland, ME Metro Area",514098,514100,513892,516087,518249,520290,523546,526295
0100000US,,United States,310M200US38900,38900,"United States - In metropolitan statistical area - Portland-Vancouver-Hillsboro, OR-WA Metro Area","Portland-Vancouver-Hillsboro, OR-WA Metro Area",2226009,2226011,2232447,2260445,2288850,2314482,2348607,2389228
0100000US,,United States,310M200US38940,38940,"United States - In metropolitan statistical area - Port St. Lucie, FL Metro Area","Port St. Lucie, FL Metro Area",424107,424107,425243,428411,432438,437773,444495,454846
0100000US,,United States,310M200US39140,39140,"United States - In metropolitan statistical area - Prescott, AZ Metro Area","Prescott, AZ Metro Area",211033,211015,211122,211135,212468,215271,218852,222255
0100000US,,United States,310M200US39300,39300,"United States - In metropolitan statistical area - Providence-Warwick, RI-MA Metro Area","Providence-Warwick, RI-MA Metro Area",1600852,1601216,1602393,1601082,1603402,1605040,1609533,1613070
0100000US,,United States,310M200US39340,39340,"United States - In metropolitan statistical area - Provo-Orem, UT Metro Area","Provo-Orem, UT Metro Area",526810,526886,530270,540877,550421,562697,571990,585799
0100000US,,United States,310M200US39380,39380,"United States - In metropolitan statistical area - Pueblo, CO Metro Area","Pueblo, CO Metro Area",159063,159063,159520,160187,160816,161240,161759,163591
0100000US,,United States,310M200US39460,39460,"United States - In metropolitan statistical area - Punta Gorda, FL Metro Area","Punta Gorda, FL Metro Area",159978,159991,159947,159641,162831,164892,168437,173115
0100000US,,United States,310M200US39540,39540,"United States - In metropolitan statistical area - Racine, WI Metro Area","Racine, WI Metro Area",195408,195428,195443,194965,194639,194807,194986,195080
0100000US,,United States,310M200US39580,39580,"United States - In metropolitan statistical area - Raleigh, NC Metro Area","Raleigh, NC Metro Area",1130490,1130491,1137445,1163234,1188974,1214747,1243035,1273568
0100000US,,United States,310M200US39660,39660,"United States - In metropolitan statistical area - Rapid City, SD Metro Area","Rapid City, SD Metro Area",134598,134609,135064,136369,138804,141367,143625,144134
0100000US,,United States,310M200US39740,39740,"United States - In metropolitan statistical area - Reading, PA Metro Area","Reading, PA Metro Area",411442,411572,411984,412715,413516,413965,414360,415271
0100000US,,United States,310M200US39820,39820,"United States - In metropolitan statistical area - Redding, CA Metro Area","Redding, CA Metro Area",177223,177223,177317,177969,178421,179041,179747,179533
0100000US,,United States,310M200US39900,39900,"United States - In metropolitan statistical area - Reno, NV Metro Area","Reno, NV Metro Area",425417,425437,426130,428970,433087,437731,444062,450890
0100000US,,United States,310M200US40060,40060,"United States - In metropolitan statistical area - Richmond, VA Metro Area","Richmond, VA Metro Area",1208101,1208080,1210265,1219768,1233773,1246499,1259685,1271334
0100000US,,United States,310M200US40140,40140,"United States - In metropolitan statistical area - Riverside-San Bernardino-Ontario, CA Metro Area","Riverside-San Bernardino-Ontario, CA Metro Area",4224851,4224972,4243928,4301633,4347082,4387415,4438715,4489159
0100000US,,United States,310M200US40220,40220,"United States - In metropolitan statistical area - Roanoke, VA Metro Area","Roanoke, VA Metro Area",308707,308682,308659,309391,310880,312557,313691,314560
0100000US,,United States,310M200US40340,40340,"United States - In metropolitan statistical area - Rochester, MN Metro Area","Rochester, MN Metro Area",206877,206877,207173,208507,209580,211620,212672,213873
0100000US,,United States,310M200US40380,40380,"United States - In metropolitan statistical area - Rochester, NY Metro Area","Rochester, NY Metro Area",1079671,1079695,1080285,1082621,1083192,1084332,1083678,1081954
0100000US,,United States,310M200US40420,40420,"United States - In metropolitan statistical area - Rockford, IL Metro Area","Rockford, IL Metro Area",349431,349431,349224,347864,345809,344746,342367,340663
0100000US,,United States,310M200US40580,40580,"United States - In metropolitan statistical area - Rocky Mount, NC Metro Area","Rocky Mount, NC Metro Area",152392,152390,152447,151807,150990,149997,149147,148069
0100000US,,United States,310M200US40660,40660,"United States - In metropolitan statistical area - Rome, GA Metro Area","Rome, GA Metro Area",96317,96317,96415,96208,96034,96039,96061,96504
0100000US,,United States,310M200US40900,40900,"United States - In metropolitan statistical area - Sacramento--Roseville--Arden-Arcade, CA Metro Area","Sacramento--Roseville--Arden-Arcade, CA Metro Area",2149127,2149143,2154521,2175568,2195353,2217634,2244879,2274194
0100000US,,United States,310M200US40980,40980,"United States - In metropolitan statistical area - Saginaw, MI Metro Area","Saginaw, MI Metro Area",200169,200169,199916,198855,198329,196764,195142,193307
0100000US,,United States,310M200US41060,41060,"United States - In metropolitan statistical area - St. Cloud, MN Metro Area","St. Cloud, MN Metro Area",189093,189093,189219,190119,190564,191396,192579,194418
0100000US,,United States,310M200US41100,41100,"United States - In metropolitan statistical area - St. George, UT Metro Area","St. George, UT Metro Area",138115,138115,138424,141507,144597,147637,151876,155602
0100000US,,United States,310M200US41140,41140,"United States - In metropolitan statistical area - St. Joseph, MO-KS Metro Area","St. Joseph, MO-KS Metro Area",127329,127329,127235,127729,127957,127714,127377,126880
0100000US,,United States,310M200US41180,41180,"United States - In metropolitan statistical area - St. Louis, MO-IL Metro Area","St. Louis, MO-IL Metro Area",2787701,2787748,2790026,2793783,2797113,2800914,2806191,2811588
0100000US,,United States,310M200US41420,41420,"United States - In metropolitan statistical area - Salem, OR Metro Area","Salem, OR Metro Area",390738,390738,391534,393862,396231,398608,403821,410091
0100000US,,United States,310M200US41500,41500,"United States - In metropolitan statistical area - Salinas, CA Metro Area","Salinas, CA Metro Area",415057,415057,416413,421466,426441,429109,431293,433898
0100000US,,United States,310M200US41540,41540,"United States - In metropolitan statistical area - Salisbury, MD-DE Metro Area","Salisbury, MD-DE Metro Area",373802,373764,374783,378188,381532,385088,389811,395300
0100000US,,United States,310M200US41620,41620,"United States - In metropolitan statistical area - Salt Lake City, UT Metro Area","Salt Lake City, UT Metro Area",1087873,1087799,1091699,1107958,1124609,1141905,1154513,1170266
0100000US,,United States,310M200US41660,41660,"United States - In metropolitan statistical area - San Angelo, TX Metro Area","San Angelo, TX Metro Area",111823,111823,112285,113442,115067,116563,118449,119659
0100000US,,United States,310M200US41700,41700,"United States - In metropolitan statistical area - San Antonio-New Braunfels, TX Metro Area","San Antonio-New Braunfels, TX Metro Area",2142508,2142518,2153215,2194579,2238578,2283485,2332790,2384075
0100000US,,United States,310M200US41740,41740,"United States - In metropolitan statistical area - San Diego-Carlsbad, CA Metro Area","San Diego-Carlsbad, CA Metro Area",3095313,3095308,3104386,3142256,3184358,3223645,3265700,3299521
0100000US,,United States,310M200US41860,41860,"United States - In metropolitan statistical area - San Francisco-Oakland-Hayward, CA Metro Area","San Francisco-Oakland-Hayward, CA Metro Area",4335391,4335560,4345364,4400757,4462425,4529180,4595980,4656132
0100000US,,United States,310M200US41940,41940,"United States - In metropolitan statistical area - San Jose-Sunnyvale-Santa Clara, CA Metro Area","San Jose-Sunnyvale-Santa Clara, CA Metro Area",1836911,1836941,1842401,1870402,1898203,1928745,1954348,1976836
0100000US,,United States,310M200US42020,42020,"United States - In metropolitan statistical area - San Luis Obispo-Paso Robles-Arroyo Grande, CA Metro Area","San Luis Obispo-Paso Robles-Arroyo Grande, CA Metro Area",269637,269593,269905,271208,274552,276308,279116,281401
0100000US,,United States,310M200US42100,42100,"United States - In metropolitan statistical area - Santa Cruz-Watsonville, CA Metro Area","Santa Cruz-Watsonville, CA Metro Area",262382,262362,263266,264971,266597,269277,271401,274146
0100000US,,United States,310M200US42140,42140,"United States - In metropolitan statistical area - Santa Fe, NM Metro Area","Santa Fe, NM Metro Area",144170,144171,144462,145395,146326,147154,147977,148686
0100000US,,United States,310M200US42200,42200,"United States - In metropolitan statistical area - Santa Maria-Santa Barbara, CA Metro Area","Santa Maria-Santa Barbara, CA Metro Area",423895,423939,424379,426131,430873,436248,441228,444769
0100000US,,United States,310M200US42220,42220,"United States - In metropolitan statistical area - Santa Rosa, CA Metro Area","Santa Rosa, CA Metro Area",483878,483880,484791,487778,490746,495046,499674,502146
0100000US,,United States,310M200US42340,42340,"United States - In metropolitan statistical area - Savannah, GA Metro Area","Savannah, GA Metro Area",347611,347621,348751,355819,362203,365776,372357,379199
0100000US,,United States,310M200US42540,42540,"United States - In metropolitan statistical area - Scranton--Wilkes-Barre--Hazleton, PA Metro Area","Scranton--Wilkes-Barre--Hazleton, PA Metro Area",563631,563630,563743,564030,564328,561939,560041,558166
0100000US,,United States,310M200US42660,42660,"United States - In metropolitan statistical area - Seattle-Tacoma-Bellevue, WA Metro Area","Seattle-Tacoma-Bellevue, WA Metro Area",3439809,3439815,3448636,3498362,3554031,3612962,3672866,3733580
0100000US,,United States,310M200US42680,42680,"United States - In metropolitan statistical area - Sebastian-Vero Beach, FL Metro Area","Sebastian-Vero Beach, FL Metro Area",138028,138028,138233,138979,140640,142021,144772,147919
0100000US,,United States,310M200US42700,42700,"United States - In metropolitan statistical area - Sebring, FL Metro Area","Sebring, FL Metro Area",98786,98786,98665,98284,97998,97762,98104,99491
0100000US,,United States,310M200US43100,43100,"United States - In metropolitan statistical area - Sheboygan, WI Metro Area","Sheboygan, WI Metro Area",115507,115507,115474,115372,115010,114915,115262,115569
0100000US,,United States,310M200US43300,43300,"United States - In metropolitan statistical area - Sherman-Denison, TX Metro Area","Sherman-Denison, TX Metro Area",120877,120873,121042,121249,121601,122165,123419,125467
0100000US,,United States,310M200US43340,43340,"United States - In metropolitan statistical area - Shreveport-Bossier City, LA Metro Area","Shreveport-Bossier City, LA Metro Area",439811,439811,441193,445044,448373,446754,444758,443708
0100000US,,United States,310M200US43420,43420,"United States - In metropolitan statistical area - Sierra Vista-Douglas, AZ Metro Area","Sierra Vista-Douglas, AZ Metro Area",131346,131357,131809,132996,131888,129605,127321,126427
0100000US,,United States,310M200US43580,43580,"United States - In metropolitan statistical area - Sioux City, IA-NE-SD Metro Area","Sioux City, IA-NE-SD Metro Area",168563,168563,168832,168951,168821,168746,168857,169069
0100000US,,United States,310M200US43620,43620,"United States - In metropolitan statistical area - Sioux Falls, SD Metro Area","Sioux Falls, SD Metro Area",228261,228264,229203,232714,237701,243326,248062,251854
0100000US,,United States,310M200US43780,43780,"United States - In metropolitan statistical area - South Bend-Mishawaka, IN-MI Metro Area","South Bend-Mishawaka, IN-MI Metro Area",319224,319215,318985,319157,318560,318719,319454,320098
0100000US,,United States,310M200US43900,43900,"United States - In metropolitan statistical area - Spartanburg, SC Metro Area","Spartanburg, SC Metro Area",313268,313268,313682,314784,316696,318784,321483,325079
0100000US,,United States,310M200US44060,44060,"United States - In metropolitan statistical area - Spokane-Spokane Valley, WA Metro Area","Spokane-Spokane Valley, WA Metro Area",527753,527753,528577,529908,532432,535666,540915,547824
0100000US,,United States,310M200US44100,44100,"United States - In metropolitan statistical area - Springfield, IL Metro Area","Springfield, IL Metro Area",210170,210170,210504,211656,212019,211633,211669,211156
0100000US,,United States,310M200US44140,44140,"United States - In metropolitan statistical area - Springfield, MA Metro Area","Springfield, MA Metro Area",621570,621705,623424,625994,626975,628380,630672,631982
0100000US,,United States,310M200US44180,44180,"United States - In metropolitan statistical area - Springfield, MO Metro Area","Springfield, MO Metro Area",436712,436713,437409,440348,444643,448718,452188,456456
0100000US,,United States,310M200US44220,44220,"United States - In metropolitan statistical area - Springfield, OH Metro Area","Springfield, OH Metro Area",138333,138333,138246,137760,137193,136740,136482,135959
0100000US,,United States,310M200US44300,44300,"United States - In metropolitan statistical area - State College, PA Metro Area","State College, PA Metro Area",153990,153981,154253,154976,155839,158213,159506,160580
0100000US,,United States,310M200US44420,44420,"United States - In metropolitan statistical area - Staunton-Waynesboro, VA Metro Area","Staunton-Waynesboro, VA Metro Area",118502,118502,118349,118905,118669,119410,119772,120221
0100000US,,United States,310M200US44700,44700,"United States - In metropolitan statistical area - Stockton-Lodi, CA Metro Area","Stockton-Lodi, CA Metro Area",685306,685308,687442,695432,701464,704654,715114,726106
0100000US,,United States,310M200US44940,44940,"United States - In metropolitan statistical area - Sumter, SC Metro Area","Sumter, SC Metro Area",107456,107463,107571,107355,108075,108035,107940,107480
0100000US,,United States,310M200US45060,45060,"United States - In metropolitan statistical area - Syracuse, NY Metro Area","Syracuse, NY Metro Area",662577,662589,663029,662819,661539,662999,661751,660458
0100000US,,United States,310M200US45220,45220,"United States - In metropolitan statistical area - Tallahassee, FL Metro Area","Tallahassee, FL Metro Area",367413,368770,369416,371067,375409,373409,375645,377924
0100000US,,United States,310M200US45300,45300,"United States - In metropolitan statistical area - Tampa-St. Petersburg-Clearwater, FL Metro Area","Tampa-St. Petersburg-Clearwater, FL Metro Area",2783243,2783514,2788715,2828490,2847270,2873489,2917813,2975225
0100000US,,United States,310M200US45460,45460,"United States - In metropolitan statistical area - Terre Haute, IN Metro Area","Terre Haute, IN Metro Area",172425,172422,172300,172548,172586,172091,171381,171019
0100000US,,United States,310M200US45500,45500,"United States - In metropolitan statistical area - Texarkana, TX-AR Metro Area","Texarkana, TX-AR Metro Area",149198,149195,149352,149385,149553,149564,149366,149769
0100000US,,United States,310M200US45540,45540,"United States - In metropolitan statistical area - The Villages, FL Metro Area","The Villages, FL Metro Area",93420,93420,94279,98581,102781,108253,114000,118891
0100000US,,United States,310M200US45780,45780,"United States - In metropolitan statistical area - Toledo, OH Metro Area","Toledo, OH Metro Area",610001,610001,610131,609380,608234,607801,606781,605956
0100000US,,United States,310M200US45820,45820,"United States - In metropolitan statistical area - Topeka, KS Metro Area","Topeka, KS Metro Area",233870,233868,234279,234746,234513,233986,233798,233791
0100000US,,United States,310M200US45940,45940,"United States - In metropolitan statistical area - Trenton, NJ Metro Area","Trenton, NJ Metro Area",366513,367508,367959,367908,369171,370984,371601,371398
0100000US,,United States,310M200US46060,46060,"United States - In metropolitan statistical area - Tucson, AZ Metro Area","Tucson, AZ Metro Area",980263,980263,981870,988024,992973,997418,1004244,1010025
0100000US,,United States,310M200US46140,46140,"United States - In metropolitan statistical area - Tulsa, OK Metro Area","Tulsa, OK Metro Area",937478,937528,939978,946118,953210,962944,970107,981005
0100000US,,United States,310M200US46220,46220,"United States - In metropolitan statistical area - Tuscaloosa, AL Metro Area","Tuscaloosa, AL Metro Area",230162,230159,230428,231361,233299,235296,237989,239908
0100000US,,United States,310M200US46340,46340,"United States - In metropolitan statistical area - Tyler, TX Metro Area","Tyler, TX Metro Area",209714,209721,210470,212832,215088,216854,220050,222936
0100000US,,United States,310M200US46520,46520,"United States - In metropolitan statistical area - Urban Honolulu, HI Metro Area","Urban Honolulu, HI Metro Area",953207,953207,956377,966581,976711,986802,992082,998714
0100000US,,United States,310M200US46540,46540,"United States - In metropolitan statistical area - Utica-Rome, NY Metro Area","Utica-Rome, NY Metro Area",299397,299376,299281,298890,298543,297941,296987,295600
0100000US,,United States,310M200US46660,46660,"United States - In metropolitan statistical area - Valdosta, GA Metro Area","Valdosta, GA Metro Area",139588,139665,140082,142469,144726,142959,143428,142875
0100000US,,United States,310M200US46700,46700,"United States - In metropolitan statistical area - Vallejo-Fairfield, CA Metro Area","Vallejo-Fairfield, CA Metro Area",413344,413344,414062,416754,420360,424770,430791,436092
0100000US,,United States,310M200US47020,47020,"United States - In metropolitan statistical area - Victoria, TX Metro Area","Victoria, TX Metro Area",94003,94003,94083,94676,96629,97602,98724,99913
0100000US,,United States,310M200US47220,47220,"United States - In metropolitan statistical area - Vineland-Bridgeton, NJ Metro Area","Vineland-Bridgeton, NJ Metro Area",156898,156898,157155,157570,157677,156977,157099,155854
0100000US,,United States,310M200US47260,47260,"United States - In metropolitan statistical area - Virginia Beach-Norfolk-Newport News, VA-NC Metro Area","Virginia Beach-Norfolk-Newport News, VA-NC Metro Area",1676822,1676817,1679972,1686832,1698144,1706680,1717853,1724876
0100000US,,United States,310M200US47300,47300,"United States - In metropolitan statistical area - Visalia-Porterville, CA Metro Area","Visalia-Porterville, CA Metro Area",442179,442182,443081,447615,451218,454208,457260,459863
0100000US,,United States,310M200US47380,47380,"United States - In metropolitan statistical area - Waco, TX Metro Area","Waco, TX Metro Area",252772,252772,253821,255696,257021,258784,260264,262813
0100000US,,United States,310M200US47460,47460,"United States - In metropolitan statistical area - Walla Walla, WA Metro Area","Walla Walla, WA Metro Area",62859,62859,63031,63528,63429,63593,63745,64282
0100000US,,United States,310M200US47580,47580,"United States - In metropolitan statistical area - Warner Robins, GA Metro Area","Warner Robins, GA Metro Area",179605,179605,180420,183634,185460,186454,187534,188149
0100000US,,United States,310M200US47900,47900,"United States - In metropolitan statistical area - Washington-Arlington-Alexandria, DC-VA-MD-WV Metro Area","Washington-Arlington-Alexandria, DC-VA-MD-WV Metro Area",5636232,5636406,5666536,5778317,5872677,5964439,6033891,6097684
0100000US,,United States,310M200US47940,47940,"United States - In metropolitan statistical area - Waterloo-Cedar Falls, IA Metro Area","Waterloo-Cedar Falls, IA Metro Area",167819,167819,167919,168286,168624,169590,170096,170612
0100000US,,United States,310M200US48060,48060,"United States - In metropolitan statistical area - Watertown-Fort Drum, NY Metro Area","Watertown-Fort Drum, NY Metro Area",116229,116232,116570,118172,120772,119192,118964,117635
0100000US,,United States,310M200US48140,48140,"United States - In metropolitan statistical area - Wausau, WI Metro Area","Wausau, WI Metro Area",134063,134063,134069,134500,134630,135266,135619,135868
0100000US,,United States,310M200US48260,48260,"United States - In metropolitan statistical area - Weirton-Steubenville, WV-OH Metro Area","Weirton-Steubenville, WV-OH Metro Area",124454,124455,124280,123339,122491,121940,121313,120512
0100000US,,United States,310M200US48300,48300,"United States - In metropolitan statistical area - Wenatchee, WA Metro Area","Wenatchee, WA Metro Area",110884,110887,111294,112140,113049,113541,114420,116178
0100000US,,United States,310M200US48540,48540,"United States - In metropolitan statistical area - Wheeling, WV-OH Metro Area","Wheeling, WV-OH Metro Area",147950,147949,147854,147098,146380,145798,144909,144198
0100000US,,United States,310M200US48620,48620,"United States - In metropolitan statistical area - Wichita, KS Metro Area","Wichita, KS Metro Area",630919,630919,631907,633367,636319,638643,641480,644610
0100000US,,United States,310M200US48660,48660,"United States - In metropolitan statistical area - Wichita Falls, TX Metro Area","Wichita Falls, TX Metro Area",151306,151476,151649,150378,151085,151686,152144,150780
0100000US,,United States,310M200US48700,48700,"United States - In metropolitan statistical area - Williamsport, PA Metro Area","Williamsport, PA Metro Area",116111,116108,116204,116697,117314,116717,116503,116048
0100000US,,United States,310M200US48900,48900,"United States - In metropolitan statistical area - Wilmington, NC Metro Area","Wilmington, NC Metro Area",254884,254884,255648,259262,263091,268292,272671,277969
0100000US,,United States,310M200US49020,49020,"United States - In metropolitan statistical area - Winchester, VA-WV Metro Area","Winchester, VA-WV Metro Area",128472,128473,128694,130014,130981,132127,133291,133836
0100000US,,United States,310M200US49180,49180,"United States - In metropolitan statistical area - Winston-Salem, NC Metro Area","Winston-Salem, NC Metro Area",640595,640577,641399,644697,647636,651290,655195,659330
0100000US,,United States,310M200US49340,49340,"United States - In metropolitan statistical area - Worcester, MA-CT Metro Area","Worcester, MA-CT Metro Area",916980,916976,918934,922298,924255,928132,931802,935536
0100000US,,United States,310M200US49420,49420,"United States - In metropolitan statistical area - Yakima, WA Metro Area","Yakima, WA Metro Area",243231,243231,244313,246326,246844,247342,247698,248830
0100000US,,United States,310M200US49620,49620,"United States - In metropolitan statistical area - York-Hanover, PA Metro Area","York-Hanover, PA Metro Area",434972,434998,435539,436902,437833,439521,441177,442867
0100000US,,United States,310M200US49660,49660,"United States - In metropolitan statistical area - Youngstown-Warren-Boardman, OH-PA Metro Area","Youngstown-Warren-Boardman, OH-PA Metro Area",565773,565804,564878,562514,559062,556246,553510,549885
0100000US,,United States,310M200US49700,49700,"United States - In metropolitan statistical area - Yuba City, CA Metro Area","Yuba City, CA Metro Area",166892,166892,167159,167229,167425,168324,169487,170955
0100000US,,United States,310M200US49740,49740,"United States - In metropolitan statistical area - Yuma, AZ Metro Area","Yuma, AZ Metro Area",195751,195750,197069,202628,202375,202173,203483,204275
0100000US,,United States,0400000US72,72,Puerto Rico,Puerto Rico,3725789,3726157,3721526,3678736,3634487,3593079,3534888,3474182
0100000US,,United States,04000C0US72,72,Puerto Rico - In metropolitan statistical area,In metropolitan statistical area,3567524,3567892,3563235,3521532,3478556,3438118,3381761,3323005
0100000US,,United States,310M200US10380,10380,"Puerto Rico - In metropolitan statistical area - Aguadilla-Isabela, PR Metro Area","Aguadilla-Isabela, PR Metro Area",339441,339465,338928,335076,330733,326653,321462,315685
0100000US,,United States,310M200US11640,11640,"Puerto Rico - In metropolitan statistical area - Arecibo, PR Metro Area","Arecibo, PR Metro Area",199471,199471,199269,197335,195454,193993,191138,188295
0100000US,,United States,310M200US25020,25020,"Puerto Rico - In metropolitan statistical area - Guayama, PR Metro Area","Guayama, PR Metro Area",84214,84214,84095,82842,82067,81489,80310,79086
0100000US,,United States,310M200US32420,32420,"Puerto Rico - In metropolitan statistical area - Mayagez, PR Metro Area","Mayagez, PR Metro Area",106330,106330,106043,104215,102312,100533,98266,95988
0100000US,,United States,310M200US38660,38660,"Puerto Rico - In metropolitan statistical area - Ponce, PR Metro Area","Ponce, PR Metro Area",350480,350480,349503,343566,337366,331632,324707,317185
0100000US,,United States,310M200US41900,41900,"Puerto Rico - In metropolitan statistical area - San Germn, PR Metro Area","San Germn, PR Metro Area",137462,137626,137547,136333,135107,133864,132140,130228
0100000US,,United States,310M200US41980,41980,"Puerto Rico - In metropolitan statistical area - San Juan-Carolina-Caguas, PR Metro Area","San Juan-Carolina-Caguas, PR Metro Area",2350126,2350306,2347850,2322165,2295517,2269954,2233738,2196538
